<?xml version="1.0" encoding="UTF-8"?>
<!DOCTYPE hibernate-mapping PUBLIC  
 "-//Hibernate/Hibernate Mapping DTD 3.0//EN"  
 "http://hibernate.sourceforge.net/hibernate-mapping-3.0.dtd">  
  
 <hibernate-mapping>  
  <class name="com.uniform.model.UniformData" table="uniform_data">  
    <id name="id">  
     <generator class="assigned"></generator>  
    </id>  
            
    <property name="school_Name"></property>  
    <property name="student_Name"></property>  
    <property name="uniform_Id"></property>         
  </class>  
            
 </hibernate-mapping>  